{"test_Score": 0.9882609305654483, "rmse": 299.06476130197746}